City_ID,City,Country,Date,Lat,Lng,Max Temp,Humidity,Cloudiness,Wind Speed
0,Klaksvik,FO,2022-03-20 18:42:35,62.2266,-6.589,45.52,93,100,23.11
1,Adrar,MR,2022-03-20 18:42:35,20.5022,-10.0711,80.55,11,0,7.65
2,Lavrentiya,RU,2022-03-20 18:42:35,65.5833,-171.0,-7.91,76,26,4.21
3,Tura,IN,2022-03-20 18:40:10,25.5198,90.2201,75.7,36,38,5.17
4,Katsuura,JP,2022-03-20 18:42:36,35.1333,140.3,48.0,88,100,20.85
5,Mahebourg,MU,2022-03-20 18:42:36,-20.4081,57.7,79.09,94,40,5.75
6,Iqaluit,CA,2022-03-20 18:42:36,63.7506,-68.5145,-9.31,63,20,0.0
7,Chambas,CU,2022-03-20 18:42:37,22.1928,-78.9136,90.16,36,0,13.0
8,Albany,US,2022-03-20 18:40:19,42.6001,-73.9662,50.95,73,100,10.0
9,Hami,CN,2022-03-20 18:42:37,42.8,93.45,42.26,30,100,2.77
10,Hilo,US,2022-03-20 18:41:13,19.7297,-155.09,79.61,80,100,6.91
11,Rikitea,PF,2022-03-20 18:42:38,-23.1203,-134.9692,79.72,75,8,11.81
12,Souillac,MU,2022-03-20 18:42:38,-20.5167,57.5167,79.18,94,40,5.75
13,Broken Hill,AU,2022-03-20 18:42:38,-31.95,141.4333,73.11,56,2,4.61
14,Vestmannaeyjar,IS,2022-03-20 18:42:39,63.4427,-20.2734,40.19,70,75,13.8
15,Longyearbyen,SJ,2022-03-20 18:42:39,78.2186,15.6401,21.04,73,75,8.05
16,Faya,SA,2022-03-20 18:42:40,18.3851,42.4509,60.91,57,0,5.44
17,Busselton,AU,2022-03-20 18:42:40,-33.65,115.3333,63.97,78,98,16.89
18,New Norfolk,AU,2022-03-20 18:42:40,-42.7826,147.0587,54.91,75,92,1.05
19,Tuktoyaktuk,CA,2022-03-20 18:42:41,69.4541,-133.0374,-11.2,77,100,8.05
20,Mataura,NZ,2022-03-20 18:42:42,-46.1927,168.8643,46.9,99,22,0.47
21,Castro,BR,2022-03-20 18:42:42,-24.7911,-50.0119,63.12,92,100,8.86
22,Richards Bay,ZA,2022-03-20 18:42:43,-28.783,32.0377,71.02,71,88,3.8
23,Maues,BR,2022-03-20 18:40:59,-3.3836,-57.7186,82.85,89,99,1.88
24,San Marcos,US,2022-03-20 18:42:43,33.1434,-117.1661,63.21,81,75,9.22
25,Port Hardy,CA,2022-03-20 18:42:43,50.6996,-127.4199,41.18,81,100,19.57
26,Cherskiy,RU,2022-03-20 18:42:44,68.75,161.3,-15.25,100,89,2.93
27,Tasiilaq,GL,2022-03-20 18:42:44,65.6145,-37.6368,17.76,65,0,6.55
28,Butaritari,KI,2022-03-20 18:42:45,3.0707,172.7902,80.01,82,32,17.36
29,Paamiut,GL,2022-03-20 18:42:45,61.994,-49.6678,7.48,85,7,12.08
30,Ancud,CL,2022-03-20 18:42:45,-41.8697,-73.8203,55.22,86,88,6.98
31,Yellowknife,CA,2022-03-20 18:42:46,62.456,-114.3525,31.41,82,75,9.22
32,Wasilla,US,2022-03-20 18:42:46,61.5814,-149.4394,37.22,69,100,3.44
33,Te Anau,NZ,2022-03-20 18:42:46,-45.4167,167.7167,48.69,91,11,2.46
34,Barrow,US,2022-03-20 18:40:02,71.2906,-156.7887,-23.78,91,0,3.44
35,Arraial Do Cabo,BR,2022-03-20 18:42:47,-22.9661,-42.0278,85.96,70,40,13.8
36,Bredasdorp,ZA,2022-03-20 18:42:47,-34.5322,20.0403,68.45,82,0,8.66
37,Sohag,EG,2022-03-20 18:42:47,26.557,31.6948,66.11,27,1,17.74
38,Puerto Ayora,EC,2022-03-20 18:42:48,-0.7393,-90.3518,87.76,77,75,6.76
39,Port Elizabeth,ZA,2022-03-20 18:42:48,-33.918,25.5701,70.32,74,0,6.91
40,Punta Arenas,CL,2022-03-20 18:42:49,-53.15,-70.9167,57.31,58,75,5.75
41,Hermanus,ZA,2022-03-20 18:42:49,-34.4187,19.2345,71.8,78,0,12.3
42,Torbay,CA,2022-03-20 18:42:49,47.6666,-52.7314,30.27,68,100,11.5
43,Provideniya,RU,2022-03-20 18:42:50,64.3833,-173.3,3.76,94,32,4.56
44,Leningradskiy,RU,2022-03-20 18:42:50,69.3833,178.4167,-2.49,74,38,5.84
45,Houston,US,2022-03-20 18:39:34,29.7633,-95.3633,78.33,33,0,24.16
46,Faanui,PF,2022-03-20 18:43:51,-16.4833,-151.75,83.05,71,6,21.43
47,Samarai,PG,2022-03-20 18:43:51,-10.6167,150.6667,82.58,79,100,12.95
48,Nanortalik,GL,2022-03-20 18:43:51,60.1432,-45.2371,16.36,77,6,14.9
49,Ushuaia,AR,2022-03-20 18:42:18,-54.8,-68.3,59.4,56,31,3.96
50,Port Keats,AU,2022-03-20 18:43:52,-14.25,129.55,82.8,84,100,3.91
51,Kapaa,US,2022-03-20 18:40:51,22.0752,-159.319,75.47,84,0,0.0
52,Vaini,TO,2022-03-20 18:43:52,-21.2,-175.2,75.36,94,100,4.61
53,Saint George,US,2022-03-20 18:43:53,37.1041,-113.5841,63.63,36,0,8.99
54,Pervomayskoye,RU,2022-03-20 18:43:53,43.919,46.7102,27.52,70,2,5.21
55,Palmas,BR,2022-03-20 18:43:53,-10.2128,-48.3603,83.98,70,40,3.44
56,Deputatskiy,RU,2022-03-20 18:43:54,69.3,139.9,-16.04,88,7,3.18
57,Tilichiki,RU,2022-03-20 18:43:54,60.4667,166.1,29.59,94,100,26.55
58,Qaanaaq,GL,2022-03-20 18:43:54,77.484,-69.3632,-4.58,92,100,6.51
59,Airai,TL,2022-03-20 18:43:55,-8.9266,125.4092,60.08,90,94,1.36
60,Kuryk,KZ,2022-03-20 18:43:55,43.2,51.65,29.77,52,0,14.38
61,Nishihara,JP,2022-03-20 18:43:55,26.1842,127.7558,69.85,81,100,8.05
62,Hobart,AU,2022-03-20 18:43:56,-42.8794,147.3294,55.26,97,100,4.61
63,Georgetown,MY,2022-03-20 18:43:56,5.4112,100.3354,82.33,87,20,5.75
64,Vigrestad,NO,2022-03-20 18:43:56,58.5667,5.7,47.88,63,0,22.68
65,Qaqortoq,GL,2022-03-20 18:43:57,60.7167,-46.0333,13.42,72,0,3.85
66,Comodoro Rivadavia,AR,2022-03-20 18:43:57,-45.8667,-67.5,69.66,40,0,11.5
67,Kurumkan,RU,2022-03-20 18:43:57,54.3,110.3,-0.67,92,56,4.56
68,Homer,US,2022-03-20 18:43:58,59.6425,-151.5483,39.04,58,0,10.36
69,Okhotsk,RU,2022-03-20 18:43:58,59.3833,143.3,11.37,80,100,17.09
70,Aswan,EG,2022-03-20 18:43:59,24.0934,32.907,72.59,16,0,9.71
71,Banda Aceh,ID,2022-03-20 18:44:00,5.5577,95.3222,79.52,76,100,13.22
72,Kaitangata,NZ,2022-03-20 18:44:00,-46.2817,169.8464,47.55,95,30,2.89
73,Cape Town,ZA,2022-03-20 18:39:56,-33.9258,18.4232,75.11,74,0,17.27
74,Carbonia,IT,2022-03-20 18:44:01,39.1672,8.5222,52.75,84,93,10.94
75,Avarua,CK,2022-03-20 18:44:01,-21.2078,-159.775,80.65,89,40,3.44
76,Haines Junction,CA,2022-03-20 18:44:01,60.7522,-137.5108,17.55,67,98,0.0
77,Upernavik,GL,2022-03-20 18:44:02,72.7868,-56.1549,-6.16,93,89,3.42
78,Pevek,RU,2022-03-20 18:44:02,69.7008,170.3133,-12.53,89,5,4.09
79,Nanakuli,US,2022-03-20 18:44:03,21.3906,-158.1547,77.7,76,100,3.44
80,Kodiak,US,2022-03-20 18:44:03,57.79,-152.4072,35.11,93,100,14.97
81,Baruun-Urt,MN,2022-03-20 18:44:03,46.6806,113.2792,13.55,47,93,4.03
82,Atuona,PF,2022-03-20 18:44:04,-9.8,-139.0333,78.96,78,13,16.44
83,Thompson,CA,2022-03-20 18:42:11,55.7435,-97.8558,23.16,58,75,5.75
84,Batagay,RU,2022-03-20 18:44:04,67.6333,134.6333,-17.27,99,60,3.76
85,Kavieng,PG,2022-03-20 18:44:06,-2.5744,150.7967,82.71,73,37,12.39
86,Mpanda,TZ,2022-03-20 18:44:06,-6.3655,31.0409,67.89,95,100,1.23
87,Severo-Kurilsk,RU,2022-03-20 18:44:06,50.6789,156.125,32.81,98,100,8.39
88,Bluff,NZ,2022-03-20 18:44:07,-46.6,168.3333,55.47,90,100,7.94
89,Olafsvik,IS,2022-03-20 18:44:07,64.8945,-23.7142,34.03,69,94,16.37
90,Padang,ID,2022-03-20 18:44:08,-0.9492,100.3543,75.25,83,100,3.22
91,Mehamn,NO,2022-03-20 18:45:08,71.0357,27.8492,40.95,87,75,24.16
92,Dabola,GN,2022-03-20 18:45:08,10.75,-11.1167,90.73,29,88,5.06
93,Carnarvon,AU,2022-03-20 18:45:09,-24.8667,113.6333,77.07,78,10,21.85
94,Ponta Delgada,PT,2022-03-20 18:42:29,37.7333,-25.6667,61.5,88,75,23.02
95,Oistins,BB,2022-03-20 18:45:09,13.0667,-59.5333,80.69,65,20,23.02
96,Sumenep,ID,2022-03-20 18:45:10,-7.0167,113.8667,79.16,80,96,0.51
97,Limbang,MY,2022-03-20 18:45:10,4.75,115.0,75.31,98,100,2.26
98,Chuy,UY,2022-03-20 18:45:10,-33.6971,-53.4616,66.09,42,13,12.75
99,Beringovskiy,RU,2022-03-20 18:45:11,63.05,179.3167,-0.04,80,15,3.6
100,Alice Springs,AU,2022-03-20 18:45:11,-23.7,133.8833,69.22,32,0,0.0
101,Hambantota,LK,2022-03-20 18:45:11,6.1241,81.1185,80.94,94,20,5.75
102,High Prairie,CA,2022-03-20 18:42:17,55.4334,-116.4858,36.82,65,60,11.61
103,Zig,US,2022-03-20 18:45:12,40.127,-92.7663,69.91,30,0,12.66
104,Murray Bridge,AU,2022-03-20 18:45:12,-35.1167,139.2667,60.12,87,79,5.1
105,Lebu,CL,2022-03-20 18:45:13,-37.6167,-73.65,61.95,69,75,8.7
106,Vardo,NO,2022-03-20 18:45:13,70.3705,31.1107,33.78,93,75,6.91
107,Verkhoyansk,RU,2022-03-20 18:45:14,67.5447,133.385,-26.12,100,36,2.44
108,Mabaruma,GY,2022-03-20 18:45:14,8.2,-59.7833,78.17,88,52,7.25
109,Berlevag,NO,2022-03-20 18:45:14,70.8578,29.0864,41.0,94,100,23.55
110,Santarem,BR,2022-03-20 18:45:15,-2.4431,-54.7083,86.13,74,20,4.61
111,Nikolskoye,RU,2022-03-20 18:45:15,59.7035,30.7861,36.81,99,97,4.85
112,Wangaratta,AU,2022-03-20 18:45:15,-36.3667,146.3333,55.45,100,1,0.0
113,Rupert,US,2022-03-20 18:45:16,42.6191,-113.6772,32.18,69,20,25.32
114,Kununurra,AU,2022-03-20 18:45:16,-15.7667,128.7333,73.38,88,94,0.0
115,Koppang,NO,2022-03-20 18:45:17,61.5706,11.0555,31.93,92,0,4.36
116,Fortuna,US,2022-03-20 18:45:17,40.5982,-124.1573,52.93,58,0,11.5
117,Jalu,LY,2022-03-20 18:45:18,29.0331,21.5482,58.08,43,0,16.04
118,Jamestown,US,2022-03-20 18:40:37,42.097,-79.2353,42.03,63,100,14.97
119,Lusambo,CD,2022-03-20 18:45:18,-4.9667,23.45,70.79,95,100,2.44
120,Saldanha,ZA,2022-03-20 18:45:18,-33.0117,17.9442,73.45,85,0,9.84
121,Soyo,AO,2022-03-20 18:45:19,-6.1349,12.3689,80.4,84,11,9.71
122,Saint-Joseph,RE,2022-03-20 18:45:19,-21.3667,55.6167,73.78,85,76,11.39
123,Aksu,CN,2022-03-20 18:45:20,41.1231,80.2644,42.37,88,100,9.66
124,Nouadhibou,MR,2022-03-20 18:45:20,20.931,-17.0347,63.52,83,0,25.9
125,Diamantino,BR,2022-03-20 18:45:20,-14.4086,-56.4461,84.09,73,100,5.46
126,Kloulklubed,PW,2022-03-20 18:45:21,7.0419,134.2556,77.5,79,100,19.13
127,Vila Franca Do Campo,PT,2022-03-20 18:45:21,37.7167,-25.4333,61.2,91,100,17.29
128,Bethel,US,2022-03-20 18:45:21,41.3712,-73.414,56.53,67,100,9.93
129,Syava,RU,2022-03-20 18:45:22,58.0146,46.3222,36.52,81,100,13.18
130,Lebyazhye,RU,2022-03-20 18:45:22,55.2689,66.4947,23.72,94,100,17.16
131,Trincomalee,LK,2022-03-20 18:45:23,8.5711,81.2335,78.76,83,5,10.27
132,Goderich,CA,2022-03-20 18:45:23,43.7501,-81.7165,37.9,75,100,5.75
133,Ust-Kut,RU,2022-03-20 18:44:39,56.7938,105.7672,21.78,90,100,10.8
134,Aberdeen,GB,2022-03-20 18:42:58,57.1437,-2.0981,43.29,85,75,13.8
135,Coihaique,CL,2022-03-20 18:44:57,-45.5752,-72.0662,64.35,45,75,4.61
136,Rio Grande,BR,2022-03-20 18:45:11,-32.035,-52.0986,73.51,47,1,12.41
137,Bengkulu,ID,2022-03-20 18:46:24,-3.8004,102.2655,76.3,88,95,5.23
138,Alappuzha,IN,2022-03-20 18:46:25,9.49,76.3264,80.2,81,10,6.6
139,Dikson,RU,2022-03-20 18:46:25,73.5069,80.5464,4.39,98,100,8.46
140,Mount Isa,AU,2022-03-20 18:46:26,-20.7333,139.5,74.97,50,70,4.61
141,Bambous Virieux,MU,2022-03-20 18:46:26,-20.3428,57.7575,79.05,94,40,5.75
142,Bereda,ES,2022-03-20 18:46:26,43.2686,-7.5406,50.07,78,100,1.34
143,Belaya Gora,RU,2022-03-20 18:46:27,68.5333,146.4167,-19.1,100,57,0.74
144,Esperance,AU,2022-03-20 18:46:27,-33.8667,121.9,67.84,86,100,7.83
145,Klyuchi,RU,2022-03-20 18:46:27,52.2667,79.1667,10.87,96,87,8.88
146,Yekaterinoslavka,RU,2022-03-20 18:46:28,50.3734,129.1139,4.82,91,15,11.45
147,Bandarbeyla,SO,2022-03-20 18:46:28,9.4942,50.8122,77.29,72,0,7.74
148,Gizo,SB,2022-03-20 18:46:29,-8.103,156.8419,82.76,73,99,11.45
149,Ballina,AU,2022-03-20 18:46:29,-28.8667,153.5667,62.56,88,75,5.75
150,Asosa,ET,2022-03-20 18:46:29,10.0667,34.5333,80.01,26,86,1.7
151,Saint-Louis,SN,2022-03-20 18:46:30,16.3333,-15.0,94.64,12,8,8.97
152,Severnyy,RU,2022-03-20 18:46:30,50.677,36.5532,32.04,64,0,11.18
153,Mackay,AU,2022-03-20 18:46:30,-21.15,149.2,73.38,88,75,4.61
154,Makakilo City,US,2022-03-20 18:46:31,21.3469,-158.0858,76.28,76,100,3.44
155,Chokurdakh,RU,2022-03-20 18:46:31,70.6333,147.9167,-21.53,100,64,4.97
156,Atar,MR,2022-03-20 18:46:32,20.5169,-13.0499,84.27,12,0,8.41
157,Chone,EC,2022-03-20 18:46:32,-0.6833,-80.1,84.13,77,82,4.85
158,Namie,JP,2022-03-20 18:46:32,37.4833,141.0,41.72,85,100,4.09
159,Xichang,CN,2022-03-20 18:46:33,27.8964,102.2634,58.59,51,87,0.98
160,Lompoc,US,2022-03-20 18:46:33,34.6391,-120.4579,69.57,62,40,21.0
161,Trairi,BR,2022-03-20 18:46:33,-3.2778,-39.2689,81.75,75,100,9.35
162,Tuatapere,NZ,2022-03-20 18:46:33,-46.1333,167.6833,50.4,93,36,1.86
163,Walvis Bay,NA,2022-03-20 18:45:15,-22.9575,14.5053,76.15,60,16,5.75
164,Butembo,CD,2022-03-20 18:46:34,0.15,29.2833,64.31,79,100,2.82
165,Kuytun,RU,2022-03-20 18:46:34,54.3419,101.5036,-2.13,100,85,3.04
166,Alofi,NU,2022-03-20 18:46:35,-19.0595,-169.9187,69.69,94,79,2.3
167,Lagoa,PT,2022-03-20 18:46:35,39.05,-27.9833,57.13,62,100,22.86
168,Okha,RU,2022-03-20 18:46:35,53.5739,142.9478,8.64,92,100,20.24
169,Kerouane,GN,2022-03-20 18:46:36,9.2667,-9.0167,86.16,43,99,1.61
170,Strezhevoy,RU,2022-03-20 18:45:06,60.7333,77.5889,25.66,95,100,12.35
171,Prince George,CA,2022-03-20 18:45:07,53.9166,-122.753,36.25,71,0,13.8
172,Casper,US,2022-03-20 18:42:00,42.8666,-106.3131,57.72,29,0,20.71
173,Rawson,AR,2022-03-20 18:46:36,-43.3002,-65.1023,62.35,58,100,29.55
174,Sitka,US,2022-03-20 18:46:37,57.0531,-135.33,39.09,60,100,17.27
175,Omboue,GA,2022-03-20 18:46:37,-1.5746,9.2618,78.96,85,34,6.46
176,Kaduy,RU,2022-03-20 18:46:37,59.2,37.15,35.47,89,100,8.3
177,Moindou,NC,2022-03-20 18:46:38,-21.6924,165.677,77.63,84,100,9.22
178,Saskylakh,RU,2022-03-20 18:46:38,71.9167,114.0833,-11.24,100,100,3.4
179,Saint-Philippe,RE,2022-03-20 18:46:38,-21.3585,55.7679,74.79,84,98,11.86
180,Kasama,ZM,2022-03-20 18:46:39,-10.2129,31.1808,62.74,98,100,3.49
181,Manta,EC,2022-03-20 18:42:46,-0.95,-80.7333,83.98,70,20,6.91
182,Matay,EG,2022-03-20 18:47:39,28.419,30.7792,59.2,41,59,18.92
183,Mar Del Plata,AR,2022-03-20 18:46:17,-38.0023,-57.5575,60.82,65,0,14.97
184,Victoria,HK,2022-03-20 18:44:08,22.2855,114.1577,73.18,87,98,15.99
185,Cabo San Lucas,MX,2022-03-20 18:43:34,22.8909,-109.9124,85.3,47,100,11.56
186,Visby,SE,2022-03-20 18:47:40,57.6409,18.296,34.02,80,0,2.3
187,Khatanga,RU,2022-03-20 18:47:40,71.9667,102.5,5.68,97,100,2.71
188,Pitimbu,BR,2022-03-20 18:47:41,-7.4706,-34.8086,88.39,70,63,13.51
189,Port Moresby,PG,2022-03-20 18:47:41,-9.4431,147.1797,74.62,100,20,5.75
190,Sao Filipe,CV,2022-03-20 18:47:42,14.8961,-24.4956,70.68,69,5,12.68
191,Camocim,BR,2022-03-20 18:47:42,-2.9022,-40.8411,82.47,80,79,7.54
192,Sur,OM,2022-03-20 18:47:42,22.5667,59.5289,73.89,62,0,7.16
193,Ayagoz,KZ,2022-03-20 18:47:43,47.9714,80.4392,9.12,99,99,4.72
194,Teknaf,BD,2022-03-20 18:47:43,20.8624,92.3058,70.88,72,73,3.29
195,Terrace Bay,CA,2022-03-20 18:43:07,48.7834,-87.1,34.5,93,93,4.47
196,Ribeira Grande,PT,2022-03-20 18:47:44,38.5167,-28.7,61.2,63,40,23.02
197,Tamandare,BR,2022-03-20 18:47:44,-8.7597,-35.1047,82.92,69,25,8.84
198,Cap Malheureux,MU,2022-03-20 18:47:44,-19.9842,57.6142,78.48,87,100,1.99
199,Aklavik,CA,2022-03-20 18:47:45,68.2191,-135.0107,-5.8,77,100,10.36
200,Tiksi,RU,2022-03-20 18:47:45,71.6872,128.8694,6.67,84,100,10.71
201,San Cristobal,VE,2022-03-20 18:47:45,7.7669,-72.225,77.18,48,100,3.6
202,Desaguadero,PE,2022-03-20 18:47:46,-16.5656,-69.0417,54.14,55,53,10.13
203,Port Alfred,ZA,2022-03-20 18:47:46,-33.5906,26.891,72.68,73,99,11.01
204,Sabzevar,IR,2022-03-20 18:47:46,36.2126,57.6819,49.28,57,0,9.22
205,Kamien Pomorski,PL,2022-03-20 18:47:47,53.9685,14.7726,44.96,51,9,11.23
206,Sisimiut,GL,2022-03-20 18:47:47,66.9395,-53.6735,-2.85,86,16,2.1
207,Kahului,US,2022-03-20 18:46:50,20.8947,-156.47,76.84,77,75,8.01
208,Barra,BR,2022-03-20 18:47:48,-11.0894,-43.1417,91.08,34,21,6.91
209,Sarh,TD,2022-03-20 18:47:48,9.1429,18.3923,91.31,24,0,0.0
210,Talnakh,RU,2022-03-20 18:47:49,69.4865,88.3972,0.73,96,72,2.68
211,East London,ZA,2022-03-20 18:43:51,-33.0153,27.9116,72.54,94,75,5.75
212,Hofn,IS,2022-03-20 18:47:49,64.2539,-15.2082,40.69,58,14,7.16
213,Mount Gambier,AU,2022-03-20 18:47:49,-37.8333,140.7667,57.11,100,100,4.61
214,Pangnirtung,CA,2022-03-20 18:47:50,66.1451,-65.7125,-18.4,69,0,0.0
215,Guarapari,BR,2022-03-20 18:47:50,-20.6667,-40.4975,84.88,63,44,8.08
216,Rocha,UY,2022-03-20 18:47:51,-34.4833,-54.3333,64.85,42,0,11.61
217,Saint-Augustin,CA,2022-03-20 18:47:51,51.226,-58.6502,28.17,89,100,22.41
218,Kungurtug,RU,2022-03-20 18:47:51,50.5994,97.5228,-6.68,96,17,2.35
219,Ilulissat,GL,2022-03-20 18:47:52,69.2167,-51.1,-0.38,65,14,0.0
220,Ornskoldsvik,SE,2022-03-20 18:47:52,63.2909,18.7153,38.35,70,95,3.44
221,Codrington,AU,2022-03-20 18:47:53,-38.2667,141.9667,56.44,95,66,4.65
222,Moyamba,SL,2022-03-20 18:47:53,8.1667,-12.4333,81.61,60,96,7.38
223,Campbell River,CA,2022-03-20 18:43:32,50.0163,-125.2446,42.46,81,100,11.5
224,Natal,BR,2022-03-20 18:43:49,-5.795,-35.2094,84.85,79,40,12.66
225,Arlit,NE,2022-03-20 18:47:54,18.7369,7.3853,88.7,11,60,9.53
226,Trinidad,BO,2022-03-20 18:47:54,-14.8333,-64.9,80.58,74,40,9.22
227,Svay Rieng,KH,2022-03-20 18:47:56,11.0879,105.7993,80.13,79,31,7.16
228,Buckeye,US,2022-03-20 18:45:00,33.3703,-112.5838,74.52,28,40,11.5
229,Ahuimanu,US,2022-03-20 18:48:56,21.4447,-157.8378,77.45,82,75,3.44
230,Vila,PT,2022-03-20 18:48:56,42.0304,-8.1588,52.7,56,100,10.0
231,Tynda,RU,2022-03-20 18:48:57,55.1667,124.7167,-15.63,99,93,2.68
232,Khilok,RU,2022-03-20 18:48:57,51.3674,110.4676,5.88,94,59,5.44
233,Pravda,RU,2022-03-20 18:48:57,46.9396,142.009,26.98,88,100,6.78
234,Vanimo,PG,2022-03-20 18:48:58,-2.6741,141.3028,76.73,88,88,1.05
235,Awbari,LY,2022-03-20 18:48:58,26.5921,12.7805,68.47,16,0,9.98
236,Ibra,OM,2022-03-20 18:48:58,22.6906,58.5334,71.49,42,0,0.51
237,Bilibino,RU,2022-03-20 18:48:59,68.0546,166.4372,-12.35,91,10,4.41
238,Imeni Poliny Osipenko,RU,2022-03-20 18:49:00,52.4201,136.4853,-16.08,99,19,0.6
239,Asmara,ER,2022-03-20 18:49:00,15.3333,38.9333,62.01,58,0,1.88
240,Mountain Home,US,2022-03-20 18:45:47,43.133,-115.6912,38.68,100,0,32.21
241,Santa Isabel Do Rio Negro,BR,2022-03-20 18:49:00,-0.4139,-65.0192,81.27,90,100,1.41
242,Chany,RU,2022-03-20 18:49:01,55.3121,76.7647,10.6,84,100,15.1
243,Pasighat,IN,2022-03-20 18:49:01,28.0667,95.3333,78.08,37,83,2.8
244,King City,US,2022-03-20 18:49:01,36.2127,-121.126,64.44,34,0,14.85
245,Suntar,RU,2022-03-20 18:49:02,62.1444,117.6319,12.94,97,100,4.32
246,Le Mars,US,2022-03-20 18:49:02,42.7942,-96.1656,70.09,19,0,19.57
247,Ust-Nera,RU,2022-03-20 18:49:02,64.5667,143.2,-18.2,100,76,4.54
248,Gat,IL,2022-03-20 18:45:03,31.61,34.7642,49.82,37,9,8.59
249,Auki,SB,2022-03-20 18:49:03,-8.7676,160.7034,76.77,84,100,5.57
250,Lapas,GR,2022-03-20 18:49:03,38.1,21.4167,42.82,56,40,6.91
251,Kalianget,ID,2022-03-20 18:49:03,-7.05,113.9333,80.08,77,98,0.65
252,Okato,NZ,2022-03-20 18:49:04,-39.2,173.8833,59.92,87,100,15.5
253,Bermeo,ES,2022-03-20 18:49:04,43.4209,-2.7215,62.8,68,41,10.04
254,Sasebo,JP,2022-03-20 18:49:05,33.1592,129.7228,51.01,80,100,1.81
255,Geraldton,AU,2022-03-20 18:49:05,-28.7667,114.6,73.81,73,99,16.11
256,Camacha,PT,2022-03-20 18:49:05,33.0833,-16.3333,58.42,63,40,17.27
257,Tinskoy,RU,2022-03-20 18:49:06,56.1525,96.9161,19.27,84,96,7.31
258,Dargaville,NZ,2022-03-20 18:49:06,-35.9333,173.8833,66.38,96,91,3.94
259,Tefe,BR,2022-03-20 18:49:06,-3.3542,-64.7114,84.31,74,40,6.91
260,Aragats,AM,2022-03-20 18:49:07,40.4889,44.3528,18.97,92,100,6.2
261,Angoram,PG,2022-03-20 18:49:07,-4.0625,144.0661,72.84,94,100,1.1
262,Salalah,OM,2022-03-20 18:48:05,17.0151,54.0924,78.89,53,0,4.61
263,San Patricio,US,2022-03-20 18:49:08,28.017,-97.5169,78.89,45,6,18.59
264,Burnie,AU,2022-03-20 18:49:08,-41.0667,145.9167,60.3,89,89,9.57
265,Ostrovnoy,RU,2022-03-20 18:49:08,68.0531,39.5131,33.01,80,78,24.0
266,Batemans Bay,AU,2022-03-20 18:47:25,-35.7167,150.1833,57.45,94,20,4.12
267,Mae Sai,TH,2022-03-20 18:49:10,20.4335,99.8762,76.3,61,42,0.92
268,Northam,GB,2022-03-20 18:49:10,51.0333,-4.2167,48.25,59,15,11.68
269,Sao Joao Da Barra,BR,2022-03-20 18:49:11,-21.6403,-41.0511,91.49,75,26,11.9
270,Broome,US,2022-03-20 18:49:11,42.2506,-75.833,44.98,76,100,11.5
271,Beira,MZ,2022-03-20 18:49:11,-19.8436,34.8389,80.69,61,40,7.0
272,Fairbanks,US,2022-03-20 18:45:18,64.8378,-147.7164,11.23,65,40,8.05
273,Varzea Da Palma,BR,2022-03-20 18:50:12,-17.5981,-44.7308,84.81,45,95,4.21
274,Sherkot,IN,2022-03-20 18:50:13,29.35,78.5833,76.15,20,45,0.92
275,Anadyr,RU,2022-03-20 18:50:14,64.75,177.4833,3.7,85,40,4.47
276,Clyde River,CA,2022-03-20 18:50:14,70.4692,-68.5914,-16.37,69,0,5.75
277,Ife,NG,2022-03-20 18:50:14,7.4667,4.5667,80.28,75,58,6.02
278,Nioro,GM,2022-03-20 18:50:15,13.35,-15.75,91.56,19,16,11.14
279,Menomonie,US,2022-03-20 18:50:15,44.8755,-91.9193,55.58,41,12,0.0
280,Hithadhoo,MV,2022-03-20 18:50:16,-0.6,73.0833,83.88,72,100,14.81
281,Buin,CL,2022-03-20 18:50:16,-33.7333,-70.75,83.05,19,100,11.1
282,Iskateley,RU,2022-03-20 18:50:16,67.6803,53.1512,23.29,91,91,17.2
283,Biak,ID,2022-03-20 18:50:17,-0.9131,122.8766,76.48,85,100,4.29
284,Avera,US,2022-03-20 18:50:17,33.194,-82.5271,68.38,30,0,14.18
285,Geilo,NO,2022-03-20 18:50:17,60.5333,8.2076,32.7,98,80,3.56
286,Awjilah,LY,2022-03-20 18:50:18,29.1081,21.2869,58.03,43,0,17.31
287,Luderitz,NA,2022-03-20 18:50:18,-26.6481,15.1594,73.27,68,0,10.92
288,Norman Wells,CA,2022-03-20 18:50:18,65.282,-126.8329,-3.96,65,20,3.44
289,Naze,JP,2022-03-20 18:50:19,28.3667,129.4833,54.52,69,52,1.81
290,Svetlogorsk,BY,2022-03-20 18:50:19,52.6333,29.7333,34.5,81,0,6.35
291,Dicabisagan,PH,2022-03-20 18:50:20,17.0818,122.4157,77.2,89,43,3.74
292,Visnes,NO,2022-03-20 18:50:20,59.3556,5.2242,47.21,65,0,3.44
293,Saint-Francois,FR,2022-03-20 18:50:20,46.4154,3.9054,54.84,50,0,12.66
294,Kieta,PG,2022-03-20 18:50:21,-6.2167,155.6333,80.06,80,93,4.76
295,Kawalu,ID,2022-03-20 18:50:21,-7.3817,108.2082,72.68,95,100,1.19
296,Djibo,BF,2022-03-20 18:50:21,14.1022,-1.6306,91.71,11,91,6.02
297,Akdepe,TM,2022-03-20 18:50:22,42.0551,59.3788,41.86,27,100,13.44
298,Russell,US,2022-03-20 18:50:22,32.3502,-85.1999,71.96,29,0,14.97
299,Araci,BR,2022-03-20 18:50:23,-11.3333,-38.9667,91.94,34,53,10.83
300,Pesqueira,BR,2022-03-20 18:50:23,-8.3578,-36.6964,85.53,39,98,10.22
301,Verkhnevilyuysk,RU,2022-03-20 18:50:23,63.4453,120.3167,12.47,96,98,5.23
302,Yulara,AU,2022-03-20 18:50:24,-25.2406,130.9889,69.64,43,0,4.61
303,Hakodate,JP,2022-03-20 18:50:24,41.7758,140.7367,31.62,77,99,9.91
304,Narsaq,GL,2022-03-20 18:50:25,60.9167,-46.05,14.09,74,0,1.41
305,Dingle,PH,2022-03-20 18:50:25,10.9995,122.6711,77.5,88,100,7.23
306,Bhanjanagar,IN,2022-03-20 18:50:25,19.9333,84.5833,74.61,85,36,2.08
307,Cochrane,CA,2022-03-20 18:50:25,51.1834,-114.4687,39.9,47,100,19.57
308,Grindavik,IS,2022-03-20 18:50:26,63.8424,-22.4338,36.07,87,75,16.11
309,Hasaki,JP,2022-03-20 18:50:26,35.7333,140.8333,41.4,82,100,19.39
310,Lawrenceburg,US,2022-03-20 18:49:15,38.0373,-84.8966,61.56,36,0,11.5
311,Boke,GN,2022-03-20 18:50:27,10.9409,-14.2967,82.17,51,72,10.42
312,Kenai,US,2022-03-20 18:50:27,60.5544,-151.2583,33.1,78,0,10.36
313,Gabu,GW,2022-03-20 18:50:27,12.2833,-14.2167,94.96,12,94,2.82
314,Yurimaguas,PE,2022-03-20 18:50:28,-5.9,-76.0833,84.36,70,40,5.75
315,Launceston,AU,2022-03-20 18:50:32,-41.45,147.1667,58.33,88,88,9.22
316,Amazar,RU,2022-03-20 18:50:32,53.858,120.875,-7.85,99,69,2.44
317,Piacabucu,BR,2022-03-20 18:51:33,-10.4056,-36.4344,83.37,64,16,9.78
318,Birao,CF,2022-03-20 18:51:33,10.2849,22.7882,85.28,9,4,4.21
319,Marsabit,KE,2022-03-20 18:51:33,2.3284,37.9899,75.83,36,58,12.37
320,Honiara,SB,2022-03-20 18:51:34,-9.4333,159.95,77.94,88,100,3.2
321,Debre Tabor,ET,2022-03-20 18:51:34,11.85,38.0167,61.74,44,29,2.42
322,Ukiah,US,2022-03-20 18:51:34,39.1502,-123.2078,57.02,55,0,1.01
323,Ponta Do Sol,PT,2022-03-20 18:51:35,32.6667,-17.1,64.0,56,65,11.18
324,Constitucion,CL,2022-03-20 18:52:36,-35.3333,-72.4167,64.53,58,100,9.86
325,Warrenton,ZA,2022-03-20 18:52:36,-28.114,24.8475,63.84,87,100,15.55
326,Notse,TG,2022-03-20 18:52:37,6.95,1.1667,83.25,67,99,9.6
327,Cayenne,GF,2022-03-20 18:52:37,4.9333,-52.3333,82.09,1,75,13.8
328,Zemio,CF,2022-03-20 18:52:37,5.0314,25.1361,79.84,28,67,3.6
329,Korla,CN,2022-03-20 18:52:38,41.7597,86.1469,42.64,56,100,19.33
330,Cooma,AU,2022-03-20 18:52:38,-36.2333,149.1333,56.97,100,100,0.0
331,Merauke,ID,2022-03-20 18:52:38,-8.4667,140.3333,78.93,88,100,0.56
332,Barcelos,PT,2022-03-20 18:49:21,41.5388,-8.6151,64.85,62,100,4.25
333,Jega,NG,2022-03-20 18:52:39,12.2175,4.3792,90.46,11,100,4.23
334,Itoman,JP,2022-03-20 18:52:39,26.1247,127.6694,70.57,83,75,8.05
335,Hay River,CA,2022-03-20 18:52:40,60.8156,-115.7999,21.18,79,100,6.91
336,Arman,RU,2022-03-20 18:52:40,59.7,150.1667,26.02,93,100,10.0
337,Tornio,FI,2022-03-20 18:52:41,65.8481,24.1466,39.22,85,100,6.13
338,Xudat,AZ,2022-03-20 18:52:41,41.631,48.681,30.45,77,90,8.66
339,Zaragoza,ES,2022-03-20 18:52:41,41.6561,-0.8773,59.45,65,75,12.66
340,Rabo De Peixe,PT,2022-03-20 18:52:42,37.8,-25.5833,60.28,93,75,20.71
341,Springbok,ZA,2022-03-20 18:52:42,-29.6643,17.8865,76.53,46,5,5.57
342,Tambo,PE,2022-03-20 18:52:43,-14.8,-73.9167,44.65,74,96,7.56
343,Raton,US,2022-03-20 18:52:43,36.9034,-104.4391,61.14,21,0,12.66
344,Cidreira,BR,2022-03-20 18:52:43,-30.1811,-50.2056,68.38,61,100,12.53
345,Caravelas,BR,2022-03-20 18:52:44,-17.7125,-39.2481,82.83,64,0,8.52
346,Saint-Pierre,RE,2022-03-20 18:52:44,-21.3393,55.4781,75.9,89,100,10.36
347,Polovinnoye,RU,2022-03-20 18:52:45,54.7914,65.9864,21.56,94,100,16.13
348,Adre,TD,2022-03-20 18:52:45,13.4667,22.2,80.55,8,94,7.54
349,Baturaja,ID,2022-03-20 18:52:45,-4.1333,104.1667,73.71,92,100,1.9
350,Dioknisi,GE,2022-03-20 18:52:46,41.6293,42.3917,20.8,95,100,3.38
351,Port Lincoln,AU,2022-03-20 18:52:46,-34.7333,135.8667,63.05,89,95,5.7
352,Bonavista,CA,2022-03-20 18:52:46,48.6499,-53.1147,26.83,88,100,14.94
353,Mayo,US,2022-03-20 18:52:47,38.8876,-76.5119,57.61,50,100,14.97
354,Colac,AU,2022-03-20 18:52:47,-38.3333,143.5833,60.17,94,8,2.82
355,Havoysund,NO,2022-03-20 18:52:47,70.9963,24.6622,43.03,89,100,33.98
356,Ascension,US,2022-03-20 18:52:48,30.2169,-90.9001,78.01,28,0,11.5
357,Hobyo,SO,2022-03-20 18:52:48,5.3505,48.5268,79.05,70,4,12.64
358,Parabel,RU,2022-03-20 18:52:49,58.6978,81.4825,16.88,89,100,15.12
359,San Felipe,VE,2022-03-20 18:52:49,10.3399,-68.7425,85.19,55,100,10.78
360,Toamasina,MG,2022-03-20 18:53:49,-18.1667,49.3833,73.4,94,75,6.91
361,Chiredzi,ZW,2022-03-20 18:53:50,-21.05,31.6667,68.79,55,42,5.19
362,Half Moon Bay,US,2022-03-20 18:50:35,37.4636,-122.4286,64.74,50,0,16.11
363,Evensk,RU,2022-03-20 18:53:50,61.95,159.2333,24.51,91,100,36.91
364,Flin Flon,CA,2022-03-20 18:53:50,54.7682,-101.865,39.04,60,75,8.05
365,Bathsheba,BB,2022-03-20 18:53:51,13.2167,-59.5167,81.21,65,20,23.02
366,Chokwe,MZ,2022-03-20 18:53:51,-24.5333,32.9833,68.09,75,9,6.98
367,Tiznit,MA,2022-03-20 18:53:52,29.5833,-9.5,56.79,77,100,9.19
368,Nome,US,2022-03-20 18:53:52,64.5011,-165.4064,-2.83,72,2,3.56
369,Nemuro,JP,2022-03-20 18:53:52,43.3236,145.575,25.77,78,100,9.57
370,Petropavlovsk-Kamchatskiy,RU,2022-03-20 18:53:53,53.0452,158.6483,34.39,93,100,8.95
371,Hamilton,US,2022-03-20 18:53:51,39.1834,-84.5333,60.76,44,0,5.01
372,Erenhot,CN,2022-03-20 18:53:53,43.6475,111.9767,22.95,33,0,4.92
373,Gamba,GA,2022-03-20 18:53:53,-2.65,10.0,78.71,83,100,5.82
374,Kargil,IN,2022-03-20 18:53:54,34.5667,76.1,23.68,81,81,5.73
375,Kavaratti,IN,2022-03-20 18:53:54,10.5669,72.642,81.88,68,8,9.73
376,Kaeo,NZ,2022-03-20 18:53:54,-35.1,173.7833,65.32,97,73,3.91
377,Touros,BR,2022-03-20 18:53:55,-5.1989,-35.4608,83.64,68,47,12.62
378,Kirakira,SB,2022-03-20 18:53:55,-10.4544,161.9205,81.27,74,90,8.14
379,Tarakan,ID,2022-03-20 18:49:17,3.3,117.6333,78.3,94,75,3.44
380,Chapais,CA,2022-03-20 18:53:56,49.7834,-74.8492,31.78,88,100,10.47
381,Pacific Grove,US,2022-03-20 18:52:01,36.6177,-121.9166,66.02,73,0,11.99
382,Daru,PG,2022-03-20 18:53:56,-9.0763,143.2092,79.93,86,100,5.97
383,Namibe,AO,2022-03-20 18:53:56,-15.1961,12.1522,75.65,73,12,9.78
384,Sibolga,ID,2022-03-20 18:53:57,1.7427,98.7792,75.13,89,96,1.86
385,Hohhot,CN,2022-03-20 18:53:57,40.8106,111.6522,25.09,58,0,2.24
386,Mahanoro,MG,2022-03-20 18:53:58,-19.9,48.8,73.42,81,100,4.59
387,Menongue,AO,2022-03-20 18:53:58,-14.6585,17.691,70.79,73,100,4.5
388,Spasskoye,RU,2022-03-20 18:53:59,44.6108,132.7969,11.61,96,36,4.79
389,Axim,GH,2022-03-20 18:53:59,4.8699,-2.2405,81.07,80,53,7.9
390,Tiarei,PF,2022-03-20 18:53:59,-17.5333,-149.3333,84.22,74,80,21.5
391,Oktyabrskoye,RU,2022-03-20 18:54:00,43.0645,44.7417,21.34,92,62,4.47
392,Bubaque,GW,2022-03-20 18:54:00,11.2833,-15.8333,75.42,70,86,16.37
393,Alta,NO,2022-03-20 18:54:00,69.9689,23.2717,43.86,49,0,5.75
394,Zhezkazgan,KZ,2022-03-20 18:54:01,47.8043,67.7144,-0.83,99,59,5.28
395,Kruisfontein,ZA,2022-03-20 18:54:01,-34.0033,24.7314,67.89,91,0,8.01
396,Lokosovo,RU,2022-03-20 18:54:01,61.1333,74.8167,28.63,95,100,8.84
397,Elista,RU,2022-03-20 18:54:02,46.3078,44.2558,30.72,50,0,8.99
398,Grand Gaube,MU,2022-03-20 18:54:02,-20.0064,57.6608,79.2,87,100,1.99
399,Kourou,GF,2022-03-20 18:54:03,5.1552,-52.6478,82.11,85,100,11.86
400,Salinopolis,BR,2022-03-20 18:54:03,-0.6136,-47.3561,80.35,83,100,7.02
401,Dejen,ET,2022-03-20 18:54:03,10.1667,38.1333,62.44,54,100,1.25
402,Kananga,CD,2022-03-20 18:54:04,-5.8958,22.4178,76.98,74,92,2.8
403,Douglas,US,2022-03-20 18:54:04,41.3,-96.167,73.33,29,0,18.41
404,Bosaso,SO,2022-03-20 18:54:04,11.2842,49.1816,77.14,73,4,1.52
405,Seoul,KR,2022-03-20 18:53:43,37.5683,126.9778,35.04,77,0,1.14
406,Heinola,FI,2022-03-20 18:55:05,61.2056,26.0381,33.8,93,100,5.46
407,Barela,IN,2022-03-20 18:55:06,23.1,80.05,82.63,17,15,5.26
408,Mananjary,MG,2022-03-20 18:55:06,-21.2167,48.3333,74.12,72,100,5.46
409,Devrek,TR,2022-03-20 18:55:06,41.2192,31.9558,22.32,95,35,4.03
410,Zharkent,KZ,2022-03-20 18:55:07,44.1628,80.0,40.71,63,100,3.22
411,Tanta,EG,2022-03-20 18:52:21,30.7885,31.0019,48.94,53,100,8.39
412,Tromso,NO,2022-03-20 18:55:07,69.6496,18.957,42.82,61,0,27.63
413,Beaumont,US,2022-03-20 18:52:33,30.0861,-94.1019,76.98,25,0,17.27
414,Aguimes,ES,2022-03-20 18:55:08,27.9054,-15.4461,63.23,48,75,23.02
415,Shingu,JP,2022-03-20 18:55:08,33.7333,135.9833,46.72,68,100,4.34
416,Komsomolskiy,UZ,2022-03-20 18:55:08,40.4272,71.7189,43.52,75,75,6.91
417,Turka,UA,2022-03-20 18:55:09,49.1541,23.0297,31.15,77,2,1.99
418,Ippy,CF,2022-03-20 18:55:09,6.2679,21.2247,87.4,18,77,4.45
419,Mecca,SA,2022-03-20 18:50:20,21.4267,39.8261,75.04,66,14,1.54
420,Coruripe,BR,2022-03-20 18:55:10,-10.1256,-36.1756,83.43,65,24,10.45
421,Cirebon,ID,2022-03-20 18:55:10,-6.7063,108.557,79.56,82,100,4.54
422,Resistencia,AR,2022-03-20 18:55:10,-27.4606,-58.9839,85.08,40,0,8.05
423,Guerrero Negro,MX,2022-03-20 18:55:11,27.9769,-114.0611,63.27,71,99,22.82
424,Nyimba,ZM,2022-03-20 18:55:11,-14.5566,30.8149,65.64,88,40,4.43
425,San Isidro,PE,2022-03-20 18:55:11,-12.1167,-77.05,75.51,74,75,4.61
426,Bataipora,BR,2022-03-20 18:55:12,-22.2953,-53.2711,82.98,63,96,7.47
427,Marawi,PH,2022-03-20 18:55:12,7.9986,124.2928,68.45,94,100,3.09
428,Mbandaka,CD,2022-03-20 18:55:12,0.0487,18.2603,78.55,73,100,4.9
429,Sainte-Marie,RE,2022-03-20 18:55:13,-20.8968,55.5496,76.41,90,0,4.61
430,Marsaxlokk,MT,2022-03-20 18:55:13,35.8419,14.5431,51.08,71,40,12.66
431,Sinnamary,GF,2022-03-20 18:55:13,5.3833,-52.95,79.07,83,81,14.38
432,Seversk,RU,2022-03-20 18:55:14,56.6006,84.8864,19.94,64,100,12.24
433,Puerto Penasco,MX,2022-03-20 18:51:42,31.3167,-113.5333,70.92,40,81,10.0
434,Luyang,CN,2022-03-20 18:55:14,27.6239,110.0989,43.74,90,100,5.03
435,Kushima,JP,2022-03-20 18:55:14,31.4583,131.2333,50.05,88,100,6.35
436,Okakarara,NA,2022-03-20 18:55:15,-20.5833,17.4333,68.83,77,76,5.06
437,Katghora,IN,2022-03-20 18:55:15,22.5,82.55,77.81,19,10,5.59
438,Waipawa,NZ,2022-03-20 18:55:15,-41.4122,175.5153,56.86,88,100,6.04
439,Ahipara,NZ,2022-03-20 18:55:16,-35.1667,173.1667,65.26,94,35,2.28
440,Ust-Kuyga,RU,2022-03-20 18:55:16,70.0167,135.6,-22.68,99,94,5.37
441,Srednekolymsk,RU,2022-03-20 18:55:16,67.45,153.6833,-16.29,100,76,4.79
442,Brae,GB,2022-03-20 18:55:17,60.3964,-1.353,43.72,83,10,23.62
443,Shimoda,JP,2022-03-20 18:55:17,34.6667,138.95,46.11,75,100,2.71
444,Alyangula,AU,2022-03-20 18:55:17,-13.8483,136.4192,76.87,100,99,0.0
445,Caledon,ZA,2022-03-20 18:55:18,-34.23,19.4265,69.06,76,1,9.48
446,Kachug,RU,2022-03-20 18:55:18,53.9606,105.8817,-3.51,100,100,1.28
447,Izberbash,RU,2022-03-20 18:55:18,42.5696,47.8645,28.45,71,72,4.59
448,Port Blair,IN,2022-03-20 18:55:19,11.6667,92.75,75.24,94,100,2.3
449,Slave Lake,CA,2022-03-20 18:55:19,55.2834,-114.769,35.58,55,100,20.71
450,San Quintin,MX,2022-03-20 18:55:19,30.4833,-115.95,60.37,70,63,24.43
451,Asau,RO,2022-03-20 18:55:20,46.4333,26.4,34.72,67,6,6.02
452,Vadlapudi,IN,2022-03-20 18:55:20,14.3167,79.8,81.07,81,56,8.75
453,Beyneu,KZ,2022-03-20 18:55:21,45.3167,55.2,28.4,70,100,13.42
454,Los Llanos De Aridane,ES,2022-03-20 18:55:21,28.6585,-17.9182,60.55,73,75,18.41
455,Ambon,ID,2022-03-20 18:55:21,-3.6954,128.1814,77.14,94,40,8.05
456,Wenatchee,US,2022-03-20 18:54:05,47.4235,-120.3103,50.36,43,0,9.22
457,Fort Morgan,US,2022-03-20 18:56:22,40.2503,-103.8,54.25,32,0,5.75
458,Sampit,ID,2022-03-20 18:56:22,-2.5333,112.95,73.96,97,99,1.25
459,Jasper,US,2022-03-20 18:56:22,37.2001,-94.3502,75.11,23,10,8.01
460,Gazli,UZ,2022-03-20 18:56:23,40.1333,63.45,42.89,56,0,8.95
461,Champerico,GT,2022-03-20 18:56:23,14.3,-91.9167,93.74,55,7,12.44
462,Aitape,PG,2022-03-20 18:56:23,-3.1374,142.3475,77.05,88,100,2.75
463,Todos Santos,MX,2022-03-20 18:56:24,23.45,-110.2167,89.31,78,100,11.63
464,Labuan,MY,2022-03-20 18:56:24,5.2767,115.2417,77.36,94,20,0.0
465,Trofors,NO,2022-03-20 18:56:25,65.5333,13.4063,37.27,65,98,4.92
466,Santo Antonio Do Ica,BR,2022-03-20 18:56:25,-3.1022,-67.9397,81.28,81,99,2.59
467,Livingston,GB,2022-03-20 18:56:25,55.9029,-3.5226,45.59,65,0,9.22
468,Bouna,CI,2022-03-20 18:56:26,9.2667,-3.0,86.58,44,100,4.09
469,Pokhara,NP,2022-03-20 18:56:26,28.2333,83.9833,70.39,24,6,7.76
470,Wana,PK,2022-03-20 18:56:27,32.2989,69.5725,64.11,23,0,8.23
471,El Carmen,CO,2022-03-20 18:56:27,8.5106,-73.4478,81.79,52,100,3.2
472,Neuquen,AR,2022-03-20 18:56:27,-38.9516,-68.0591,71.49,46,75,9.22
473,Murchison,NZ,2022-03-20 18:56:28,-41.8,172.3333,55.87,99,100,2.86
474,Mokhsogollokh,RU,2022-03-20 18:56:29,61.4681,128.9203,-17.57,100,64,1.57
475,Kattivakkam,IN,2022-03-20 18:56:29,13.2167,80.3167,86.09,92,64,6.78
476,Valdobbiadene,IT,2022-03-20 18:56:30,45.8993,11.9946,49.59,42,97,3.76
477,Trelew,AR,2022-03-20 18:56:30,-43.249,-65.3051,64.02,50,100,27.18
478,Maumere,ID,2022-03-20 18:56:30,-8.6199,122.2111,79.59,81,99,1.52
479,Tessalit,ML,2022-03-20 18:56:31,20.1986,1.0114,83.08,10,14,12.3
480,Zhigansk,RU,2022-03-20 18:56:31,66.7697,123.3711,7.79,89,100,20.78
481,Seydi,TM,2022-03-20 18:56:31,39.4816,62.9137,46.38,47,0,8.1
482,Verkhnyaya Inta,RU,2022-03-20 18:56:32,65.9811,60.3094,20.61,97,100,5.12
483,Pisco,PE,2022-03-20 18:56:32,-13.7,-76.2167,72.01,83,40,10.36
484,Yumen,CN,2022-03-20 18:56:33,40.2833,97.2,33.66,31,100,15.77
485,Longjiang,CN,2022-03-20 18:56:33,47.3303,123.1836,17.65,71,97,7.74
486,Sorland,NO,2022-03-20 18:56:33,67.667,12.6934,44.46,81,28,32.5
487,Morant Bay,JM,2022-03-20 18:56:34,17.8815,-76.4093,85.71,64,47,12.33
488,Nefteyugansk,RU,2022-03-20 18:56:34,61.0998,72.6035,29.16,94,100,14.97
489,Zabaykalsk,RU,2022-03-20 18:56:34,49.6333,117.3167,4.41,85,98,6.71
490,Beloha,MG,2022-03-20 18:56:35,-25.1667,45.05,68.52,72,0,11.36
491,At-Bashi,KG,2022-03-20 18:56:35,41.1702,75.8106,23.9,89,100,2.17
492,Carauari,BR,2022-03-20 18:56:35,-4.8828,-66.8958,81.84,81,66,4.59
493,Sovetskiy,RU,2022-03-20 18:56:36,61.3614,63.5842,25.57,88,100,10.92
494,Patacamaya,BO,2022-03-20 18:56:36,-17.2333,-67.9167,58.24,50,86,10.49
495,Fukue,JP,2022-03-20 18:56:36,32.6881,128.8419,50.49,67,100,9.98
496,Namikupa,TZ,2022-03-20 18:56:37,-10.8333,39.6,72.18,98,100,1.86
497,Gueret,FR,2022-03-20 18:56:37,46.1667,1.8667,46.74,76,100,4.83
498,Bardsir,IR,2022-03-20 18:56:37,29.9227,56.5743,57.88,17,0,5.59
499,Huambo,AO,2022-03-20 18:56:38,-12.7761,15.7392,63.63,91,100,4.29
500,Vrangel,RU,2022-03-20 18:56:38,42.7297,133.0839,28.26,58,1,10.85
501,Kharan,PK,2022-03-20 18:56:38,28.5833,65.4167,70.83,12,0,11.97
502,Coquimbo,CL,2022-03-20 18:56:39,-29.9533,-71.3436,66.79,67,3,6.38
503,Bjerringbro,DK,2022-03-20 18:56:39,56.378,9.6607,42.06,60,0,15.39
504,Nuuk,GL,2022-03-20 18:56:39,64.1835,-51.7216,-1.44,87,11,4.52
505,Roald,NO,2022-03-20 18:56:40,62.5833,6.1333,46.33,81,0,0.0
506,Koundara,GN,2022-03-20 18:57:40,12.4833,-13.3,95.79,13,87,2.82
507,Ulaangom,MN,2022-03-20 18:57:40,49.9811,92.0667,0.61,90,99,4.88
508,Newcastle,AU,2022-03-20 18:57:41,-32.9272,151.7765,67.71,89,100,8.05
509,Isangel,VU,2022-03-20 18:57:41,-19.55,169.2667,79.48,85,100,15.55
510,San Matias,BO,2022-03-20 18:57:41,-16.3667,-58.4,83.68,72,78,4.36
511,Tawang,IN,2022-03-20 18:57:42,27.5833,91.8667,45.0,82,47,1.57
512,Lahat,ID,2022-03-20 18:57:42,-3.8,103.5333,72.12,88,63,3.06
513,Anlu,CN,2022-03-20 18:57:43,31.1661,112.5831,40.01,96,100,9.98
514,Khudumelapye,BW,2022-03-20 18:57:43,-23.8833,24.75,72.82,36,100,6.98
515,Santiago Del Estero,AR,2022-03-20 18:57:43,-27.7951,-64.2615,63.21,51,100,4.9
516,San Jeronimo,PE,2022-03-20 18:57:44,-11.9472,-75.2829,57.63,69,100,8.72
517,Polis,CY,2022-03-20 18:57:16,35.0367,32.4264,46.22,45,6,6.58
518,Segovia,ES,2022-03-20 18:57:44,41.1667,-4.0,45.43,74,100,13.53
519,Jiwani,PK,2022-03-20 18:57:45,25.05,61.7417,75.87,74,0,9.84
520,Miles City,US,2022-03-20 18:57:45,46.4083,-105.8406,55.65,33,96,21.77
521,Vao,NC,2022-03-20 18:57:45,-22.6667,167.4833,77.95,82,56,15.73
522,Saint Anthony,US,2022-03-20 18:57:46,45.0205,-93.218,58.66,40,40,4.61
523,Juneau,US,2022-03-20 18:53:56,58.3019,-134.4197,40.21,85,100,10.36
524,Valparaiso,CL,2022-03-20 18:57:46,-33.0393,-71.6273,67.64,69,0,11.5
525,Nizhniy Kuranakh,RU,2022-03-20 18:57:46,58.8353,125.4869,15.15,93,100,7.83
526,Zyryanskoye,RU,2022-03-20 18:57:47,56.8306,86.6258,15.3,82,98,15.9
527,Dudinka,RU,2022-03-20 18:57:47,69.4058,86.1778,-2.13,100,70,5.55
528,Xiamen,CN,2022-03-20 18:57:47,24.4798,118.0819,65.25,94,75,6.71
529,Bayan,CN,2022-03-20 18:57:48,46.0833,127.4,23.47,71,99,6.62
530,Beipiao,CN,2022-03-20 18:57:48,41.7919,120.7792,27.97,86,55,1.07
531,Dhangadhi,NP,2022-03-20 18:57:49,28.7079,80.5961,76.96,29,34,3.15
532,Quatre Cocos,MU,2022-03-20 18:55:08,-20.2078,57.7625,78.91,86,100,10.67
533,Wagar,SD,2022-03-20 18:57:49,16.1525,36.2032,87.87,25,0,9.22
534,Helena,US,2022-03-20 18:57:50,46.5927,-112.0361,38.8,43,100,13.0
535,Salinas,US,2022-03-20 18:57:50,36.6777,-121.6555,64.8,67,6,7.4
536,Shitanjing,CN,2022-03-20 18:57:51,39.2342,106.3439,39.15,49,100,13.0
537,Aras,ES,2022-03-20 18:57:51,42.5617,-2.356,52.23,71,40,12.66
538,Ornes,NO,2022-03-20 18:57:51,66.8689,13.7078,40.68,53,17,11.68
539,Puerto Suarez,BO,2022-03-20 18:57:52,-18.95,-57.8,84.76,69,75,9.22
540,Djambala,CG,2022-03-20 18:57:52,-2.5447,14.7533,72.45,82,34,4.76
